id,width,depth,height,weight,value,allowedRotations
I0000,2267.8,7171.9,2061.3,7605.59,5948.83,0
I0001,2253.4,7563.1,2162.2,6873.28,5425.33,024
I0002,2414.9,12280.8,2164.2,11736.28,12275.39,0
I0003,2007.3,7189.0,1809.7,5683.97,6204.64,01
I0004,891.0,1951.0,1039.3,288.7,163.73,01
I0005,847.9,5924.2,730.0,350.6,144.1,024
I0006,1090.2,15682.4,1043.4,3028.73,1626.08,0
I0007,2274.5,5194.7,1711.8,4547.95,4452.58,01
I0008,2409.2,11679.2,2135.5,12926.25,10759.51,0
I0009,528.7,3563.7,746.6,160.1,68.36,012345
I0010,1013.9,14351.6,1157.6,1872.89,1630.88,0
I0011,595.6,3490.0,637.3,202.65,158.05,01
I0012,2246.0,5330.3,2085.8,4752.84,4594.27,024
I0013,940.7,5948.1,1115.7,757.71,351.93,01
I0014,2231.1,5954.5,2184.1,4511.44,4805.38,01
I0015,771.8,7433.7,744.8,457.33,280.36,024
I0016,980.2,15291.4,1058.3,2398.77,1429.7,0
I0017,827.0,6811.5,881.1,449.42,295.84,024
I0018,2011.5,6837.4,2425.5,6707.43,5684.06,024
I0019,717.0,7139.8,1110.9,537.17,426.31,012345
I0020,1073.9,14946.4,1333.2,2120.43,1895.56,0
I0021,2351.2,10767.4,2169.1,6772.52,7070.27,01
I0022,2043.5,6849.8,2312.4,4079.26,3493.33,01
I0023,2367.3,10564.2,2762.2,8429.4,7863.15,024
I0024,2055.0,5388.7,2440.1,3758.69,3776.91,01
I0025,2493.5,10824.4,2140.1,9319.79,6780.58,01
I0026,1951.0,6500.9,2052.2,3984.68,3924.43,01
I0027,858.2,3134.4,708.8,176.55,92.87,01
I0028,1041.6,5714.5,804.8,541.27,390.91,01
I0029,906.9,13234.4,1231.2,2259.0,2249.21,0
I0030,1856.7,6486.8,1839.1,5198.4,4894.02,0
I0031,2224.5,5843.8,2084.7,5363.94,5246.82,0
I0032,694.5,13187.7,1245.9,1054.29,708.48,0
I0033,2184.5,12520.0,2478.2,8708.46,8670.52,024
I0034,674.7,7708.2,1098.6,580.8,399.55,01
I0035,533.3,7186.5,1110.5,575.93,374.73,024
I0036,2063.4,6084.2,1674.7,3168.28,1965.91,01
I0037,1073.6,2199.3,952.6,294.13,121.74,01
I0038,2207.7,14793.0,2448.0,12888.64,13487.32,0
I0039,929.2,13231.8,1012.0,1578.46,989.71,01
I0040,981.8,3672.1,745.3,412.24,237.49,012345
I0041,876.9,14024.0,1611.9,2210.36,1965.79,0
I0042,716.5,15939.4,995.3,1549.75,1278.61,0
I0043,2242.6,6730.1,1978.1,4209.47,3397.29,0
I0044,490.1,3762.6,775.6,225.54,137.79,012345
I0045,1079.2,7006.1,1278.6,1369.21,1081.98,012345
I0046,545.4,3873.2,776.3,166.22,83.23,012345
I0047,2188.6,11916.0,2373.0,10825.38,10445.53,024
I0048,804.5,7926.1,1030.2,882.14,698.16,024
I0049,2257.7,5170.1,2018.1,5289.25,3734.33,024
I0050,915.0,14270.5,1088.7,2114.37,1784.72,0
I0051,791.7,16666.2,1424.3,2965.56,2338.97,0
I0052,2081.0,13585.6,2104.5,10327.52,7783.96,01
I0053,2350.4,14039.5,2271.0,9352.43,9202.23,0
I0054,2262.6,14013.0,2417.8,12686.05,10099.37,01
I0055,1062.7,12762.3,1560.2,1987.33,1967.99,0
I0056,1139.3,16749.5,796.6,2002.29,1051.95,01
I0057,900.9,3300.6,827.4,277.06,182.89,01
I0058,513.1,3734.7,782.6,203.92,133.1,012345
I0059,1025.3,14420.4,1571.2,2889.71,2679.46,0
I0060,2079.8,6592.0,1657.8,3310.39,2772.47,01
I0061,907.2,16798.2,1359.5,2121.63,1660.47,0
I0062,631.4,2266.2,1199.5,171.47,78.75,012345
I0063,1837.6,7787.6,2234.7,6316.64,6665.0,0
I0064,805.3,6937.3,1012.6,561.57,481.81,01
I0065,902.4,15577.8,1349.4,2266.04,1514.31,01
I0066,520.8,2477.5,1015.5,137.12,112.59,01
I0067,787.6,16910.9,1499.7,2044.77,1046.17,0
I0068,1969.3,5366.9,2017.0,2751.77,3020.5,024
I0069,1022.7,15020.9,849.0,1421.14,1070.33,01
I0070,2209.7,10686.7,2604.2,8288.74,8455.14,0
I0071,2159.3,5240.6,2198.3,5640.32,5335.75,024
I0072,622.2,4060.2,1021.1,381.76,187.03,01
I0073,819.7,6741.9,659.5,447.34,227.66,012345
I0074,851.0,3224.8,675.6,199.42,98.17,012345
I0075,957.2,13009.2,1443.5,1969.96,1651.63,01
I0076,1127.5,14398.0,1307.9,2266.89,1169.57,0
I0077,1849.7,7858.8,2183.9,7576.97,5158.34,01
I0078,825.4,12627.4,1224.3,1389.78,996.21,0
I0079,2251.3,6124.9,1888.7,3318.84,2175.19,024
I0080,2005.2,5826.4,1882.3,4333.07,2937.92,0
I0081,1964.8,5126.3,1667.3,3686.66,2566.52,01
I0082,1134.2,15935.4,1679.2,3999.77,2138.08,01
I0083,1034.5,15779.7,949.0,1683.75,1108.0,0
I0084,1843.1,6619.8,2140.5,4146.72,4255.94,01
I0085,536.2,2439.6,1126.1,136.76,78.14,012345
I0086,2325.2,11084.5,2055.6,9656.01,10598.21,01
I0087,1060.1,15158.0,1217.3,2755.43,2022.69,01
I0088,2265.6,6015.9,2176.1,3751.24,2922.1,01
I0089,902.2,15397.3,1393.0,2108.29,1663.09,01
I0090,682.2,15899.9,1021.1,1748.73,1730.58,0
I0091,1021.5,14045.2,1370.9,2711.49,1563.91,01
I0092,910.5,2884.1,1172.4,281.5,211.15,01
I0093,2296.8,14723.7,1971.8,11833.92,9040.65,024
I0094,1001.7,16814.5,1400.1,2305.62,1164.07,0
I0095,2379.8,13692.5,1871.9,14345.07,11524.29,01
I0096,1100.5,15808.8,1428.2,3099.32,2545.33,0
I0097,877.3,15574.7,843.3,1922.95,1194.19,01
I0098,2077.9,7197.5,2043.9,5157.35,3759.42,024
I0099,518.4,2174.1,1111.8,113.48,88.45,012345
I0100,976.7,16472.5,1637.1,3768.8,3005.19,0
I0101,1042.1,2411.5,897.8,241.53,107.67,024
I0102,1907.5,5302.9,1705.4,3391.8,2878.44,024
I0103,842.4,13220.9,831.3,1236.63,1048.32,0
I0104,1124.9,14760.7,1195.2,3181.07,1982.08,01
I0105,841.7,14671.2,1502.7,3056.53,2751.23,01
I0106,636.8,1904.1,1224.7,134.88,78.52,01
I0107,2100.9,6166.1,2422.7,7218.42,7597.07,024
I0108,700.5,4766.7,704.3,232.89,198.56,024
I0109,2221.8,13688.7,2096.1,10855.82,7511.18,0
I0110,814.5,3204.8,1056.0,272.82,188.75,024
I0111,2453.5,12658.2,2687.1,11354.99,9136.24,024
I0112,666.6,3665.7,694.3,183.38,144.79,01
I0113,729.0,13086.8,1396.8,1322.25,837.33,01
I0114,566.0,5474.0,1021.0,337.06,229.25,01
I0115,2086.0,12142.2,2544.7,9822.11,6064.65,024
I0116,1066.9,2211.1,784.2,279.01,240.05,024
I0117,2474.9,9916.3,2498.1,13250.86,8972.66,01
I0118,1158.0,6666.7,1003.6,827.72,444.11,01
I0119,858.5,3183.4,797.3,272.89,217.21,024
I0120,2190.5,13376.5,2131.4,7929.1,5871.13,01
I0121,1864.0,5171.0,1889.0,4024.72,3728.62,01
I0122,1120.8,15510.1,1441.0,4002.45,2149.13,0
I0123,1124.9,5451.4,1007.4,635.2,258.07,012345
I0124,1007.0,12536.8,1169.2,1519.02,983.66,0
I0125,2427.5,12999.8,2677.4,16118.24,14983.7,024
I0126,818.9,2621.2,791.6,191.47,120.26,01
I0127,739.0,14914.2,1265.1,1633.55,1559.12,0
I0128,754.8,15594.0,1173.1,1851.24,1492.73,0
I0129,2026.8,13027.1,2062.6,9284.54,5986.89,01
I0130,501.2,1943.3,1024.5,142.33,64.33,01
I0131,1903.3,5886.7,1805.9,3297.6,2929.87,024
I0132,927.3,15399.3,1131.4,2578.62,2263.1,01
I0133,2270.3,5238.1,1905.8,3710.12,2877.15,01
I0134,783.2,14334.1,858.6,1089.09,786.9,0
I0135,1071.8,12648.2,1238.5,1917.35,1843.14,0
I0136,817.8,4609.1,1004.9,478.3,354.68,024
I0137,2297.1,10436.1,2757.1,8131.2,6816.64,024
I0138,811.8,6186.2,642.0,326.04,249.76,012345
I0139,2365.9,14779.3,2136.1,16098.52,15403.89,0
I0140,617.1,2062.1,561.5,108.21,76.13,012345
I0141,2209.1,7360.6,1683.4,4967.02,4156.19,024
I0142,1038.3,12682.6,812.7,999.2,840.04,0
I0143,1944.3,6185.7,1804.0,5174.93,4114.07,024
I0144,2064.5,7828.0,2084.4,7038.02,4597.94,01
I0145,2434.3,12679.7,2735.4,19183.96,13579.81,024
I0146,953.9,14984.1,1430.0,2352.97,1949.68,01
I0147,2140.0,11814.5,1902.7,11324.46,7478.86,024
I0148,1173.4,15512.3,1524.8,4044.62,2166.82,0
I0149,2253.7,14046.4,2069.9,14396.42,8845.14,024
I0150,1050.1,4210.8,1310.9,773.3,557.63,024
I0151,1880.9,6239.7,1666.6,4029.41,2582.96,01
I0152,910.7,5114.4,1284.9,885.08,786.51,01
I0153,781.8,13832.0,1459.6,2219.36,1732.5,0
I0154,663.5,16306.7,1394.8,2003.38,1119.1,01
I0155,2304.5,10726.5,2252.2,12863.53,13815.02,01
I0156,1052.4,1928.1,829.0,205.66,95.1,012345
I0157,2025.1,6224.3,1861.9,2970.62,2277.81,024
I0158,1966.2,7780.6,1853.6,6002.54,6437.18,024
I0159,541.6,5953.8,766.1,349.98,193.49,024
I0160,917.3,2753.1,969.6,336.3,137.38,024
I0161,1919.0,6921.1,1771.6,3862.6,3988.59,0
I0162,2082.6,10783.1,1882.4,7498.15,6253.8,0
I0163,2202.4,6293.4,1760.7,5700.51,4451.28,0
I0164,802.8,3268.0,1139.7,337.32,170.41,012345
I0165,879.6,4857.8,705.4,324.27,130.08,01
I0166,892.8,15138.0,1689.7,2405.31,2209.24,01
I0167,2043.8,14823.6,2001.1,8878.76,8362.65,024
I0168,1980.5,6869.7,2132.3,5370.1,4705.66,024
I0169,619.7,7811.3,977.7,678.84,488.06,024
I0170,776.9,16076.4,1133.1,1680.3,1073.85,01
I0171,2143.7,6052.7,2204.4,6653.98,4394.4,024
I0172,789.5,16517.6,877.0,1143.03,668.72,0
I0173,1119.2,16661.0,935.0,1853.25,1089.92,0
I0174,786.0,2483.5,1181.8,362.99,261.71,01
I0175,2030.9,6448.2,1726.5,3720.5,3191.61,0
I0176,723.7,15024.2,795.0,1434.5,797.35,01
I0177,618.0,2951.2,742.3,145.84,121.56,012345
I0178,1999.9,7381.4,2396.2,7438.23,4790.08,0
I0179,1060.6,4704.8,1098.4,708.5,316.32,01
I0180,2161.6,12009.2,1938.1,11492.88,11953.43,024
I0181,2452.0,13951.3,2610.6,15774.89,12142.98,01
I0182,2418.0,10681.5,2759.3,14561.36,11929.03,0
I0183,2103.2,5452.3,1921.0,3563.4,2453.71,0
I0184,802.1,13661.5,1419.6,2601.53,1911.6,01
I0185,610.2,3593.4,862.4,223.81,134.38,012345
I0186,993.7,13043.5,1227.1,1626.0,1128.68,01
I0187,944.1,3274.1,987.2,394.68,268.91,01
I0188,926.5,5496.1,1326.0,610.79,277.17,012345
I0189,868.0,14411.7,1268.5,1505.19,1331.98,01
I0190,867.4,15060.7,1226.7,2455.16,1266.05,0
I0191,2359.0,10966.1,1859.9,6218.87,4928.89,024
I0192,2080.0,12281.0,2391.4,9392.92,9861.81,01
I0193,743.3,13429.5,906.9,1411.88,1222.23,0
I0194,943.8,4855.2,1127.6,480.66,305.92,012345
I0195,628.9,6245.2,1015.9,490.42,232.33,01
I0196,866.3,15995.5,1508.6,3008.14,2683.41,01
I0197,1162.3,15607.5,859.0,1971.91,1251.44,01
I0198,959.1,15509.8,1265.8,2069.29,1398.83,0
I0199,2110.8,12118.3,1940.3,6779.34,5605.61,0
