dataset,n_items,LB_volume,LB_weight,LB_value,LB_n_bins,LB_max_item,LB_LP,LB_master,ours,comp,gap_LB_pct,gap_comp_pct
DatasetA,1300,31051.347774828126,19976.67375395,10587.2406675,13668.48,948.59,31051.347774828126,31051.347774828126,37231.8,39989.189999999995,19.903974120511705,-6.895338465220208
DatasetB,1300,31269.0726444,19463.396257900004,17673.70026,7766.22,369.82,31363.052103767128,31363.052103767128,37865.549999999996,40463.92499999999,20.732988214025987,-6.421460597309809
DatasetC,1300,39038.66951706449,19882.4237368125,12382.306910624999,9660.0,873.9,39038.66951706449,39038.66951706449,46450.2,,18.985100093372285,
DatasetD,500,1463.1150881635015,2609.779263,2390.8794000000003,280.79999999999995,114.3,2609.779263,2609.779263,3221.1,,23.424231530496304,
DatasetE,500,1745.7723247276585,6889.505287000001,4407.180850000001,375.6,146.1,6889.505287000001,6889.505287000001,7875.18,,14.306901177068495,
DatasetF,50,545.9124634129739,434.93499999999995,446.68999999999994,650.88,650.88,545.9124634129739,650.88,1410.6,,116.72197640117994,
DatasetG,800,806.5971271570422,8147.482666666667,8001.271333333333,407.4,101.32,8147.482666666667,8147.482666666667,14403.999999999996,,76.79080262337058,
DatasetH,1000,1002.5234744047043,11067.037166666667,10804.80575,562.5999999999999,101.32,11067.037166666665,11067.037166666667,24281.999999999993,,119.40831709805852,
DatasetI,2000,24407.812472727273,98082.14546041666,97404.52642145833,10583.76,481.08,98082.14546041665,98082.14546041666,111903.59999999999,,14.091713098956726,
DatasetJ,800,15958.703171695748,35167.454793749996,35950.138879375,3848.64,1108.56,35950.138879375,35950.138879375,42493.240000000005,,18.200489134629894,
