type_vehicle,idx_vehicle,id_item,x_origin,y_origin,z_origin,orient
V0,0,I0089,0.0,0.0,0.0,0
V0,0,I0059,11787.9000001,0.0,0.0,0
V0,0,I0616,11787.9000001,1245.5000001000003,0.0,0
V0,0,I0306,0.0,0.0,2753.0000001,0
V0,0,I0651,11787.9000001,1245.5000001000003,1544.9000001000002,0
V0,0,I0440,11787.9000001,2108.4000002,0.0,2
V0,0,I0286,11787.9000001,2108.4000002,840.0000001,0
V0,0,I0648,14036.8000002,2108.4000002,0.0,4
V0,0,I0094,13443.2000002,2108.4000002,840.0000001,5
V4,1,I0337,0.0,0.0,0.0,0
V4,2,I0591,0.0,0.0,0.0,0
V4,3,I0409,0.0,0.0,0.0,2
V4,4,I0111,0.0,0.0,0.0,0
V4,5,I0728,0.0,0.0,0.0,2
V0,6,I0220,0.0,0.0,0.0,0
V0,6,I0542,11692.9000001,0.0,0.0,0
V0,6,I0237,0.0,0.0,2764.7000000999997,0
V0,6,I0545,11692.9000001,977.6000001000002,0.0,0
V0,6,I0348,11692.9000001,1951.6000002,0.0,0
V0,6,I0652,11692.9000001,977.6000001000002,657.5000001,0
V0,6,I0303,11692.9000001,0.0,1056.4000001000002,2
V0,6,I0488,11692.9000001,977.6000001000002,1303.1000002,0
V0,6,I0732,13993.700000200002,977.6000001000002,0.0,4
V0,6,I0548,11692.9000001,0.0,2083.6000002,2
V0,6,I0594,11692.9000001,977.6000001000002,2307.1000003,0
V4,7,I0724,0.0,0.0,0.0,0
V4,8,I0675,0.0,0.0,0.0,0
V4,9,I0620,0.0,0.0,0.0,2
V4,10,I0438,0.0,0.0,0.0,2
V4,11,I0048,0.0,0.0,0.0,0
V0,12,I0608,0.0,0.0,0.0,0
V0,12,I0388,0.0,0.0,2609.1000000999998,0
V0,12,I0318,12566.3000001,0.0,0.0,5
V0,12,I0748,13425.400000200001,0.0,0.0,3
V0,12,I0041,12566.3000001,816.5000001,0.0,5
V0,12,I0432,12566.3000001,1505.9000002,0.0,4
V0,12,I0287,13425.400000200001,0.0,942.5000001,3
V0,12,I0708,13425.400000200001,1878.7000001000001,0.0,4
V0,12,I0281,8057.4000000999995,0.0,2609.1000000999998,0
V0,12,I0279,13425.400000200001,1333.6000001000002,942.5000001,4
V4,13,I0003,0.0,0.0,0.0,2
V4,14,I0622,0.0,0.0,0.0,0
V4,15,I0177,0.0,0.0,0.0,0
V4,16,I0242,0.0,0.0,0.0,0
V4,17,I0042,0.0,0.0,0.0,0
V0,18,I0505,0.0,0.0,0.0,0
V0,18,I0203,10908.4000001,0.0,0.0,0
V0,18,I0265,10908.4000001,1311.8000001,0.0,0
V0,18,I0532,10908.4000001,0.0,1437.7000001000001,0
V0,18,I0063,10908.4000001,1311.8000001,1529.9000001000002,0
V0,18,I0205,0.0,0.0,2679.6000000999998,0
V0,19,I0186,0.0,0.0,0.0,2
V0,19,I0391,0.0,0.0,2298.5000001,0
V0,19,I0194,12198.9000001,0.0,0.0,1
V0,19,I0294,13203.600000200002,0.0,0.0,1
V0,19,I0134,13203.600000200002,1466.3000001000003,0.0,4
V0,19,I0268,7370.100000100001,0.0,2298.5000001,0
V0,19,I0467,12198.9000001,0.0,999.7000001,1
V0,19,I0406,13203.600000200002,0.0,870.4000000999999,4
V0,19,I0105,13203.600000200002,740.7000001,870.4000000999999,4
V0,19,I0684,10216.2000002,0.0,2298.5000001,2
V0,19,I0241,13203.600000200002,1466.3000001000003,1460.1000001,4
V0,19,I0403,7370.100000100001,878.7000001000002,2298.5000001,0
V0,19,I0363,7370.100000100001,1631.1000002,2298.5000001,0
V0,19,I0132,10216.2000002,1076.7000001000001,2298.5000001,0
V0,19,I0501,12198.9000001,0.0,1639.2000002000002,1
V0,19,I0323,10216.2000002,1793.9000002000005,2298.5000001,0
V4,20,I0160,0.0,0.0,0.0,0
V0,21,I0040,0.0,0.0,0.0,2
V0,21,I0202,0.0,0.0,2440.9000001,0
V0,21,I0503,12324.9000001,0.0,0.0,2
V0,21,I0626,13471.600000200002,0.0,0.0,1
V0,21,I0614,12324.9000001,1062.5000001,0.0,4
V0,21,I0104,12324.9000001,1753.7000002000002,0.0,4
V0,21,I0020,13471.600000200002,0.0,739.8000000999999,1
V0,21,I0716,13471.600000200002,0.0,1788.5000002,1
V0,21,I0718,7440.0000001,0.0,2440.9000001,0
V0,21,I0536,7440.0000001,861.9000000999999,2440.9000001,0
V0,21,I0017,9568.600000200002,1625.1000002000003,2440.9000001,2
V0,21,I0513,10497.3000002,0.0,2440.9000001,0
V0,21,I0694,10712.7000002,861.9000000999999,2440.9000001,0
V4,22,I0369,0.0,0.0,0.0,2
V4,23,I0083,0.0,0.0,0.0,2
V4,24,I0419,0.0,0.0,0.0,2
V0,25,I0015,0.0,0.0,0.0,2
V0,25,I0593,0.0,0.0,2208.6000000999998,0
V0,25,I0427,4748.2000001,0.0,2208.6000000999998,0
V0,25,I0133,4748.2000001,1125.2000001000006,2208.6000000999998,0
V0,25,I0682,0.0,886.6000001,2208.6000000999998,0
V0,25,I0324,8979.1000002,0.0,2208.6000000999998,0
V0,25,I0192,12808.8000001,0.0,0.0,5
V0,25,I0672,13737.3000002,0.0,0.0,4
V0,25,I0037,13737.3000002,1014.7000001,0.0,4
V0,25,I0034,12808.8000001,1064.3000001,0.0,4
V0,25,I0174,12808.8000001,1832.1000002000003,0.0,5
V0,25,I0064,13737.3000002,1843.8000002,0.0,4
V0,25,I0573,12808.8000001,1832.1000002000003,1687.7000001000001,4
V0,25,I0284,2018.1000001,2099.1000002,2208.6000000999998,0
V4,26,I0393,0.0,0.0,0.0,0
V4,27,I0076,0.0,0.0,0.0,0
V4,28,I0729,0.0,0.0,0.0,1
V0,29,I0240,0.0,0.0,0.0,0
V0,29,I0574,0.0,0.0,2227.7000000999997,0
V0,29,I0127,0.0,1155.5000001,2227.7000000999997,0
V0,29,I0009,12922.100000100001,0.0,0.0,1
V0,29,I0742,13896.500000200002,0.0,0.0,1
V0,29,I0559,12922.100000100001,0.0,933.5000001,1
V0,29,I0039,11652.5000001,0.0,2227.7000000999997,1
V0,29,I0343,12922.100000100001,1792.3000001,0.0,5
V0,29,I0262,13896.500000200002,2089.8000001000005,0.0,4
V0,29,I0178,0.0,2026.6000002000003,2227.7000000999997,0
V4,30,I0389,0.0,0.0,0.0,0
V4,31,I0611,0.0,0.0,0.0,2
V0,32,I0387,0.0,0.0,0.0,0
V0,32,I0464,0.0,0.0,2426.0000001,0
V0,32,I0129,12299.600000100001,0.0,0.0,4
V0,32,I0327,13334.500000200002,0.0,0.0,1
V0,32,I0570,13929.000000300002,0.0,0.0,1
V0,32,I0562,12299.600000100001,1002.0000001,0.0,4
V0,32,I0491,8312.5000001,0.0,2426.0000001,2
V0,32,I0216,12299.600000100001,1478.3000002,0.0,4
V0,32,I0681,11244.000000200002,0.0,2426.0000001,1
V0,32,I0454,8312.5000001,1097.1000001,2426.0000001,0
V4,33,I0727,0.0,0.0,0.0,0
V4,34,I0295,0.0,0.0,0.0,2
V4,35,I0131,0.0,0.0,0.0,0
V0,36,I0359,0.0,0.0,0.0,0
V0,36,I0637,0.0,0.0,2386.3000001,0
V0,36,I0073,11917.5000001,0.0,0.0,0
V0,36,I0657,11917.5000001,945.8000000999999,0.0,2
V0,36,I0356,13572.200000200002,945.8000000999999,0.0,4
V0,36,I0533,7355.800000099999,0.0,2386.3000001,0
V0,36,I0322,11917.5000001,1930.7000002000002,0.0,4
V0,36,I0581,12580.200000200002,1930.7000002000002,0.0,4
V0,36,I0397,13572.200000200002,1952.4000002,0.0,4
V0,36,I0740,11917.5000001,0.0,921.4000000999999,2
V0,36,I0209,7355.800000099999,994.4000000999999,2386.3000001,0
V0,36,I0079,13672.500000200002,0.0,921.4000000999999,4
V0,36,I0609,7355.800000099999,1543.7000002,2386.3000001,2
V0,36,I0218,9198.7000002,1543.7000002,2386.3000001,0
V0,36,I0482,11917.5000001,0.0,1919.1000002,0
V4,37,I0644,0.0,0.0,0.0,0
V4,38,I0585,0.0,0.0,0.0,0
V4,39,I0217,0.0,0.0,0.0,0
V4,40,I0741,0.0,0.0,0.0,0
V0,41,I0746,0.0,0.0,0.0,0
V0,41,I0135,10355.800000100002,0.0,0.0,0
V0,41,I0184,10355.800000100002,1273.3000000999998,0.0,0
V0,41,I0000,10355.800000100002,0.0,1321.2000001000001,0
V0,41,I0007,10355.800000100002,1273.3000000999998,1408.3000001,0
V0,41,I0062,0.0,0.0,2813.9000001,0
V0,41,I0492,0.0,2138.0000001,0.0,0
V0,41,I0565,3120.1000000999998,2138.0000001,0.0,0
V0,42,I0550,0.0,0.0,0.0,2
V0,42,I0584,0.0,0.0,2097.8000001,0
V0,42,I0735,4874.8000001,0.0,2097.8000001,0
V0,42,I0012,4874.8000001,1316.0000001,2097.8000001,0
V0,42,I0176,0.0,1069.3000001,2097.8000001,0
V0,42,I0278,11796.5000001,0.0,0.0,2
V0,42,I0471,11796.5000001,1083.8000001,0.0,2
V0,42,I0634,13502.600000200002,0.0,0.0,4
V0,42,I0443,11796.5000001,0.0,748.8000000999999,4
V0,42,I0195,11796.5000001,1083.8000001,875.5000001,0
V0,42,I0544,9369.500000200002,0.0,2097.8000001,0
V0,42,I0093,12711.200000200002,0.0,748.8000000999999,5
V0,42,I0451,11796.5000001,2130.7000002,0.0,2
V4,43,I0299,0.0,0.0,0.0,0
V4,44,I0263,0.0,0.0,0.0,2
V4,45,I0627,0.0,0.0,0.0,2
V4,46,I0068,0.0,0.0,0.0,2
V0,47,I0717,0.0,0.0,0.0,0
V0,47,I0425,9139.9000001,0.0,0.0,0
V0,47,I0054,9139.9000001,1166.1000001,0.0,0
V0,47,I0167,9139.9000001,0.0,1554.4000001000002,0
V4,48,I0551,0.0,0.0,0.0,0
V0,49,I0665,0.0,0.0,0.0,0
V0,49,I0531,0.0,0.0,2230.7000000999997,0
V0,49,I0458,7909.2000001000015,0.0,2230.7000000999997,0
V0,49,I0599,12324.700000100001,0.0,0.0,4
V0,49,I0221,12324.700000100001,973.6000000999999,0.0,0
V0,49,I0407,7909.2000001000015,1005.0000001,2230.7000000999997,0
V0,49,I0245,13119.900000200003,0.0,0.0,5
V0,49,I0509,12324.700000100001,1979.8000002000006,0.0,0
V0,49,I0044,12324.700000100001,1979.8000002000006,569.0000001,4
V0,49,I0219,13310.200000200002,1979.8000002000006,569.0000001,4
V0,49,I0668,10393.9000002,1005.0000001,2230.7000000999997,0
V0,49,I0347,7909.2000001000015,1597.1000002,2230.7000000999997,0
V0,49,I0621,0.0,2164.1000000999998,0.0,0
V0,49,I0656,14120.200000300003,0.0,0.0,5
V0,49,I0530,2947.7000000999997,2164.1000000999998,0.0,0
V4,50,I0123,0.0,0.0,0.0,2
V4,51,I0016,0.0,0.0,0.0,1
V4,52,I0289,0.0,0.0,0.0,2
V4,53,I0282,0.0,0.0,0.0,2
V0,54,I0502,0.0,0.0,0.0,0
V0,54,I0625,0.0,0.0,2692.5000001,0
V0,54,I0510,12438.8000001,0.0,0.0,4
V0,54,I0697,13139.8000002,0.0,0.0,1
V0,54,I0638,13139.8000002,0.0,777.7000001,1
V0,54,I0519,12438.8000001,994.8000001,0.0,3
V0,54,I0102,13139.8000002,1574.6000001,777.7000001,5
V0,54,I0198,12438.8000001,994.8000001,1000.5000001,5
V4,55,I0140,0.0,0.0,0.0,2
V0,56,I0193,0.0,0.0,0.0,0
V0,56,I0703,11448.8000001,0.0,0.0,0
V0,56,I0261,11448.8000001,785.7000000999999,0.0,0
V0,56,I0580,11448.8000001,1825.9000002,0.0,0
V0,56,I0103,0.0,0.0,2756.7000000999997,0
V0,56,I0618,11448.8000001,1825.9000002,1027.4000001000002,0
V0,56,I0572,11448.8000001,785.7000000999999,1260.6000001,0
V0,56,I0366,11448.8000001,0.0,1430.6000001,0
V0,56,I0699,11448.8000001,785.7000000999999,1764.4000002,0
V0,56,I0410,11448.8000001,0.0,2265.7000002,0
V0,56,I0253,11448.8000001,1825.9000002,2074.6000002,0
V4,57,I0038,0.0,0.0,0.0,2
V0,58,I0515,0.0,0.0,0.0,0
V0,58,I0149,0.0,0.0,2396.6000000999998,0
V0,58,I0118,6308.8000001,0.0,2396.6000000999998,0
V0,58,I0642,12384.600000100001,0.0,0.0,0
V0,58,I0646,12384.600000100001,877.4000000999999,0.0,2
V0,58,I0267,12384.600000100001,1937.9000001999998,0.0,0
V0,58,I0350,12384.600000100001,0.0,635.5000001,0
V0,58,I0383,12384.600000100001,877.4000000999999,893.4000000999999,0
V0,58,I0462,12384.600000100001,1937.9000001999998,982.8000000999999,4
V4,59,I0333,0.0,0.0,0.0,0
V4,60,I0365,0.0,0.0,0.0,0
V4,61,I0137,0.0,0.0,0.0,0
V4,62,I0230,0.0,0.0,0.0,0
V0,63,I0485,0.0,0.0,0.0,0
V0,63,I0151,10996.9000001,0.0,0.0,0
V0,63,I0361,10996.9000001,1297.0000001,0.0,0
V0,63,I0520,10996.9000001,1297.0000001,1095.1000001,0
V0,63,I0223,0.0,0.0,2181.7000000999997,0
V0,63,I0475,0.0,0.0,2781.3000001999994,0
V0,63,I0712,8175.8000001,0.0,2181.7000000999997,0
V0,63,I0600,8175.8000001,939.2000001,2181.7000000999997,0
V0,63,I0631,10996.9000001,1297.0000001,2482.8000002,0
V0,63,I0596,8175.8000001,1833.1000002000003,2181.7000000999997,0
V4,64,I0273,0.0,0.0,0.0,0
V0,65,I0159,0.0,0.0,0.0,0
V0,65,I0344,0.0,0.0,2490.7000000999997,0
V0,65,I0743,12695.200000100001,0.0,0.0,1
V0,65,I0579,13313.800000200003,0.0,0.0,1
V0,65,I0628,8182.600000100001,0.0,2490.7000000999997,0
V0,65,I0233,0.0,2103.3000001,0.0,0
V0,65,I0206,13313.800000200003,1004.0000001,784.7000001,4
V4,66,I0163,0.0,0.0,0.0,0
V0,67,I0138,0.0,0.0,0.0,0
V0,67,I0472,9967.000000100003,0.0,0.0,0
V0,67,I0225,9967.000000100003,1331.9000001000002,0.0,0
V0,67,I0156,9967.000000100003,1331.9000001000002,1259.3000001,0
V0,67,I0700,9967.000000100003,0.0,1327.6000001,0
V0,67,I0420,0.0,0.0,2773.3000001,0
V0,68,I0666,0.0,0.0,0.0,2
V0,68,I0715,0.0,0.0,2004.6000001,0
V0,68,I0335,0.0,874.8000000999999,2004.6000001,0
V0,68,I0317,4263.7000001,0.0,2004.6000001,0
V0,68,I0251,7517.3000002,0.0,2004.6000001,0
V0,68,I0018,0.0,1668.2000002,2004.6000001,0
V0,68,I0183,12084.8000001,0.0,0.0,4
V0,68,I0090,12928.3000002,0.0,0.0,1
V0,68,I0288,13868.700000300001,0.0,0.0,1
V0,69,I0057,0.0,0.0,0.0,0
V0,69,I0483,9516.700000100001,0.0,0.0,0
V0,69,I0315,9516.700000100001,1292.7000001000004,0.0,0
V0,69,I0738,9516.700000100001,1292.7000001000004,1147.8000001,0
V0,69,I0256,9516.700000100001,0.0,1391.7000001000001,0
V0,69,I0670,0.0,0.0,2392.1000000999998,0
V0,70,I0731,0.0,0.0,0.0,0
V0,70,I0418,0.0,0.0,2115.4000001,0
V0,70,I0155,0.0,1138.7000001000001,2115.4000001,0
V0,70,I0362,12707.5000001,0.0,0.0,1
V0,70,I0264,13698.700000200002,0.0,0.0,1
V0,71,I0577,0.0,0.0,0.0,0
V0,71,I0527,9957.8000001,0.0,0.0,0
V0,71,I0601,9957.8000001,1057.5000001,0.0,0
V0,71,I0014,9957.8000001,0.0,1418.2000001000001,0
V0,71,I0354,0.0,0.0,2448.0000001,0
V4,72,I0449,0.0,0.0,0.0,0
V0,73,I0698,0.0,0.0,0.0,0
V0,73,I0605,0.0,0.0,2659.6000000999998,0
V0,73,I0077,12037.8000001,0.0,0.0,4
V0,74,I0689,0.0,0.0,0.0,0
V0,74,I0157,0.0,0.0,2089.3000001,0
V0,74,I0087,0.0,894.4000000999999,2089.3000001,0
V0,74,I0175,0.0,1686.2000002000002,2089.3000001,2
V0,74,I0088,3251.4000001,1686.2000002000002,2089.3000001,0
V0,75,I0028,0.0,0.0,0.0,0
V0,75,I0439,9833.200000100003,0.0,0.0,0
V0,75,I0558,9833.200000100003,894.9000000999999,0.0,0
V0,75,I0470,9833.200000100003,894.9000000999999,1465.3000001,0
V0,75,I0455,9833.200000100003,0.0,1586.6000001,0
V0,75,I0116,0.0,0.0,2496.6000000999998,0
V0,76,I0291,0.0,0.0,0.0,0
V0,76,I0617,0.0,0.0,1868.7000001000001,0
V0,76,I0688,0.0,1148.4000001000004,1868.7000001000001,0
V0,76,I0204,5012.0000001,1148.4000001000004,1868.7000001000001,0
V0,76,I0071,9840.500000200002,1148.4000001000004,1868.7000001000001,0
V0,77,I0334,0.0,0.0,0.0,2
V0,77,I0025,9858.0000001,0.0,0.0,0
V0,77,I0312,9858.0000001,1224.9000001,0.0,0
V0,77,I0370,9858.0000001,1224.9000001,1172.7000001000001,0
V0,77,I0227,0.0,0.0,2180.2000000999997,0
V0,77,I0234,0.0,0.0,2806.4000001999993,0
V0,77,I0336,9858.0000001,1224.9000001,2254.0000001999997,0
V4,78,I0398,0.0,0.0,0.0,0
V0,79,I0422,0.0,0.0,0.0,0
V0,79,I0641,0.0,0.0,2209.5000001,0
V0,80,I0258,0.0,0.0,0.0,0
V0,80,I0376,10843.5000001,0.0,0.0,0
V0,80,I0375,10843.5000001,1060.0000001,0.0,0
V0,80,I0506,10843.5000001,1060.0000001,1329.2000001000001,0
V0,80,I0722,0.0,0.0,2434.2000000999997,0
V4,81,I0148,0.0,0.0,0.0,0
V0,82,I0019,0.0,0.0,0.0,0
V0,82,I0113,0.0,0.0,2257.2000000999997,0
V0,82,I0737,10801.4000001,0.0,0.0,0
V0,82,I0185,10801.4000001,836.0000001,0.0,0
V0,82,I0680,10801.4000001,1712.9000002,0.0,0
V0,82,I0624,0.0,0.0,2816.9000001999993,0
V0,83,I0357,0.0,0.0,0.0,0
V0,83,I0125,0.0,0.0,2368.5000001,0
V0,84,I0653,0.0,0.0,0.0,2
V0,84,I0590,10159.600000100001,0.0,0.0,0
V0,84,I0556,10159.600000100001,1263.1000001000002,0.0,0
V0,84,I0583,0.0,0.0,2405.6000000999998,0
V0,84,I0319,10159.600000100001,0.0,1306.3000001,2
V4,85,I0710,0.0,0.0,0.0,0
V0,86,I0274,0.0,0.0,0.0,2
V0,86,I0568,10056.0000001,0.0,0.0,0
V0,86,I0379,10056.0000001,1201.6000001,0.0,0
V0,86,I0150,10056.0000001,1201.6000001,1204.1000001,0
V0,86,I0667,10056.0000001,0.0,1123.8000001,0
V0,86,I0508,0.0,0.0,2168.5000001,0
V0,86,I0338,0.0,0.0,2766.5000001999997,0
V0,87,I0563,0.0,0.0,0.0,0
V0,87,I0342,0.0,0.0,2230.7000000999997,0
V0,87,I0525,0.0,1186.6000001,2230.7000000999997,0
V0,88,I0566,0.0,0.0,0.0,0
V0,88,I0292,0.0,0.0,2284.5000001,0
V0,89,I0248,0.0,0.0,0.0,2
V0,89,I0654,0.0,0.0,2169.3000001,0
V0,89,I0222,0.0,0.0,2797.3000002,0
V0,90,I0226,0.0,0.0,0.0,0
V0,90,I0080,0.0,0.0,2196.5000001,0
V0,90,I0120,0.0,0.0,2818.2000001999995,0
V3,91,I0709,0.0,0.0,0.0,2
V3,91,I0056,0.0,0.0,2500.9000001,0
V0,92,I0373,0.0,0.0,0.0,0
V0,92,I0453,0.0,0.0,2355.7000000999997,0
V0,92,I0172,7293.4000000999995,0.0,2355.7000000999997,0
V0,93,I0126,0.0,0.0,0.0,0
V0,93,I0441,0.0,0.0,2092.0000001,0
V0,93,I0399,0.0,1132.2000001000001,2092.0000001,0
V0,94,I0081,0.0,0.0,0.0,0
V0,94,I0096,0.0,0.0,1886.2000001000001,0
V0,94,I0603,0.0,0.0,2523.3000002,0
V0,95,I0188,0.0,0.0,0.0,0
V0,95,I0575,0.0,0.0,1970.5000001,0
V0,96,I0547,0.0,0.0,0.0,0
V0,96,I0586,0.0,0.0,2247.2000000999997,0
V0,97,I0360,0.0,0.0,0.0,0
V0,97,I0404,9604.0000001,0.0,0.0,0
V0,97,I0408,9604.0000001,1270.8000001,0.0,0
V0,97,I0212,0.0,0.0,2496.3000001,0
V0,98,I0679,0.0,0.0,0.0,2
V0,98,I0452,0.0,0.0,2226.9000001,0
V0,99,I0382,0.0,0.0,0.0,0
V0,99,I0171,0.0,0.0,2198.2000000999997,0
V0,99,I0208,0.0,0.0,2695.8000001999994,0
V0,100,I0144,0.0,0.0,0.0,0
V0,100,I0243,0.0,0.0,1872.6000001,0
V0,100,I0736,0.0,0.0,2569.8000002,0
V0,101,I0307,0.0,0.0,0.0,0
V0,101,I0643,0.0,2016.7000001000004,0.0,0
V0,101,I0733,0.0,2016.7000001000004,1608.6000001,0
V0,101,I0524,0.0,0.0,2472.4000001,0
V0,101,I0660,8022.700000100001,0.0,2472.4000001,0
V0,102,I0296,0.0,0.0,0.0,0
V0,102,I0686,0.0,0.0,1862.9000001000002,0
V0,102,I0029,0.0,1086.1000001,1862.9000001000002,0
V0,103,I0199,0.0,0.0,0.0,0
V0,103,I0721,0.0,0.0,2426.1000000999998,0
V0,104,I0004,0.0,0.0,0.0,0
V0,104,I0010,0.0,0.0,2251.2000000999997,0
V0,105,I0147,0.0,0.0,0.0,0
V0,105,I0100,0.0,0.0,2686.9000001,0
V0,106,I0013,0.0,0.0,0.0,0
V0,106,I0450,0.0,0.0,2136.9000001,0
V0,106,I0340,0.0,0.0,2779.4000002,0
V0,107,I0164,0.0,0.0,0.0,0
V0,107,I0560,0.0,0.0,2273.1000000999998,0
V0,107,I0632,6152.0000001,0.0,2273.1000000999998,0
V3,108,I0647,0.0,0.0,0.0,0
V0,109,I0065,0.0,0.0,0.0,0
V0,109,I0346,0.0,0.0,2820.3000001,0
V0,110,I0190,0.0,0.0,0.0,0
V0,110,I0119,0.0,0.0,2123.3000001,0
V0,110,I0430,0.0,0.0,2598.6000002,0
V0,111,I0187,0.0,0.0,0.0,0
V0,111,I0711,0.0,0.0,2359.7000000999997,0
V0,112,I0692,0.0,0.0,0.0,0
V0,112,I0067,0.0,0.0,2018.1000001,0
V0,112,I0280,0.0,1034.3000001000003,2018.1000001,0
V0,113,I0128,0.0,0.0,0.0,0
V0,113,I0367,0.0,0.0,1897.6000001,0
V0,113,I0619,0.0,862.6000001,1897.6000001,0
V0,114,I0244,0.0,0.0,0.0,0
V0,114,I0589,0.0,0.0,2298.8000001,0
V0,115,I0442,0.0,0.0,0.0,2
V0,115,I0272,0.0,0.0,2203.5000001,0
V0,116,I0714,0.0,0.0,0.0,0
V0,116,I0535,0.0,1993.8000001,0.0,0
V0,116,I0673,0.0,1993.8000001,1523.0000001,0
V0,116,I0168,0.0,0.0,2174.7000000999997,0
V0,116,I0035,0.0,0.0,2628.5000001999997,0
V0,117,I0499,0.0,0.0,0.0,2
V0,117,I0269,0.0,0.0,2244.5000001,0
V0,117,I0358,0.0,0.0,2726.0000001999997,0
V0,118,I0426,0.0,0.0,0.0,0
V0,118,I0489,0.0,0.0,2175.9000001,0
V0,118,I0136,0.0,1038.3000001,2175.9000001,0
V0,119,I0180,0.0,0.0,0.0,0
V0,119,I0445,0.0,0.0,2024.1000001,0
V0,119,I0543,0.0,1167.3000001,2024.1000001,0
V0,120,I0613,0.0,0.0,0.0,0
V0,120,I0745,0.0,0.0,2507.0000001,0
V3,121,I0378,0.0,0.0,0.0,0
V3,121,I0456,0.0,0.0,2275.8000001,0
V3,122,I0030,0.0,0.0,0.0,0
V3,122,I0659,0.0,0.0,2302.7000000999997,0
V3,123,I0674,0.0,0.0,0.0,2
V3,123,I0723,0.0,0.0,2363.9000001,0
V0,124,I0571,0.0,0.0,0.0,0
V0,124,I0517,0.0,0.0,2118.0000001,0
V0,124,I0349,0.0,0.0,2804.5000001999997,0
V3,125,I0110,0.0,0.0,0.0,0
V0,126,I0321,0.0,0.0,0.0,0
V0,126,I0189,0.0,0.0,2571.6000000999998,0
V0,126,I0523,6652.9000000999995,0.0,2571.6000000999998,0
V0,127,I0297,0.0,0.0,0.0,0
V0,127,I0252,0.0,0.0,2781.4000001,0
V0,128,I0069,0.0,0.0,0.0,0
V0,128,I0257,0.0,0.0,1940.0000001,0
V0,128,I0310,0.0,0.0,2612.7000002,0
V0,129,I0339,0.0,0.0,0.0,0
V0,129,I0107,0.0,0.0,2143.1000000999998,0
V0,129,I0396,0.0,0.0,2719.0000001999997,0
V0,130,I0153,0.0,0.0,0.0,0
V0,130,I0690,0.0,0.0,2251.7000000999997,0
V0,131,I0428,0.0,0.0,0.0,0
V0,131,I0392,0.0,0.0,1903.0000001,0
V0,131,I0522,0.0,0.0,2547.2000002,0
V0,132,I0402,0.0,0.0,0.0,0
V0,132,I0512,0.0,0.0,2642.1000000999998,0
V0,133,I0555,0.0,0.0,0.0,0
V0,133,I0353,0.0,0.0,1975.3000001,0
V0,133,I0460,0.0,807.5000001,1975.3000001,0
V0,133,I0143,0.0,807.5000001,2574.5000001999997,0
V0,134,I0236,0.0,0.0,0.0,0
V0,134,I0351,0.0,0.0,2214.0000001,0
V0,135,I0380,0.0,0.0,0.0,0
V0,135,I0021,0.0,0.0,1889.1000001,0
V0,135,I0005,0.0,0.0,2499.5000001999997,0
V0,136,I0465,0.0,0.0,0.0,2
V0,136,I0036,0.0,0.0,2508.0000001,0
V0,137,I0705,0.0,0.0,0.0,0
V0,137,I0423,0.0,0.0,2414.1000000999998,0
V0,138,I0496,0.0,0.0,0.0,0
V0,138,I0045,0.0,0.0,1912.1000001,0
V3,139,I0540,0.0,0.0,0.0,0
V3,139,I0266,0.0,0.0,1959.1000001,0
V3,139,I0576,0.0,0.0,2577.0000001999997,0
V0,140,I0695,0.0,0.0,0.0,0
V0,140,I0730,0.0,0.0,2749.7000000999997,0
V0,141,I0552,0.0,0.0,0.0,0
V0,141,I0084,0.0,0.0,2800.8000001,0
V0,142,I0405,0.0,0.0,0.0,0
V0,142,I0224,0.0,0.0,1909.3000001,0
V0,142,I0166,0.0,763.8000001,1909.3000001,0
V0,143,I0201,0.0,0.0,0.0,0
V0,143,I0231,0.0,0.0,2559.8000001,0
V0,144,I0211,0.0,0.0,0.0,2
V0,144,I0372,0.0,0.0,2255.2000000999997,0
V0,145,I0587,0.0,0.0,0.0,0
V0,145,I0070,0.0,0.0,2492.3000001,0
V0,146,I0564,0.0,0.0,0.0,0
V0,146,I0516,0.0,0.0,1847.6000001,0
V0,146,I0182,0.0,1039.6000001,1847.6000001,0
V3,147,I0747,0.0,0.0,0.0,0
V3,147,I0316,0.0,0.0,2533.8000001,0
V3,148,I0165,0.0,0.0,0.0,0
V3,148,I0146,0.0,0.0,2445.2000000999997,0
V0,149,I0345,0.0,0.0,0.0,0
V0,149,I0246,0.0,0.0,2304.6000000999998,0
V0,150,I0561,0.0,0.0,0.0,2
V0,150,I0381,0.0,0.0,2260.7000000999997,0
V3,151,I0300,0.0,0.0,0.0,0
V3,151,I0207,0.0,0.0,2613.0000001,0
V0,152,I0271,0.0,0.0,0.0,0
V0,152,I0553,0.0,0.0,2636.5000001,0
V0,153,I0384,0.0,0.0,0.0,2
V0,153,I0386,0.0,0.0,2393.1000000999998,0
V0,154,I0308,0.0,0.0,0.0,0
V0,154,I0469,0.0,0.0,1964.8000001,0
V0,154,I0060,0.0,0.0,2598.5000001999997,0
V0,155,I0635,0.0,0.0,0.0,0
V0,155,I0052,0.0,0.0,2047.8000001,0
V0,155,I0145,0.0,723.2000001000001,2047.8000001,0
V3,156,I0085,0.0,0.0,0.0,0
V3,156,I0239,0.0,0.0,2454.8000001,0
V0,157,I0446,0.0,0.0,0.0,0
V0,157,I0325,0.0,0.0,2545.5000001,0
V0,158,I0169,0.0,0.0,0.0,2
V0,158,I0196,0.0,0.0,2025.4000001000002,0
V0,158,I0435,6076.4000000999995,0.0,2025.4000001000002,0
V0,158,I0416,6076.4000000999995,0.0,2757.7000002,0
V3,159,I0661,0.0,0.0,0.0,0
V0,160,I0158,0.0,0.0,0.0,0
V0,160,I0538,0.0,0.0,1892.4000001000002,0
V0,160,I0130,0.0,0.0,2620.7000002,0
V3,161,I0726,0.0,0.0,0.0,0
V3,161,I0108,0.0,0.0,2571.5000001,0
V0,162,I0072,0.0,0.0,0.0,0
V0,162,I0412,0.0,0.0,2108.6000000999998,0
V0,162,I0539,0.0,0.0,2712.6000001999996,0
V0,163,I0197,0.0,0.0,0.0,2
V0,163,I0554,0.0,0.0,2046.5000001,0
V0,163,I0649,0.0,0.0,2736.9000002,0
V0,164,I0528,0.0,0.0,0.0,0
V0,164,I0541,0.0,0.0,2201.9000001,0
V0,165,I0293,0.0,0.0,0.0,0
V0,165,I0215,0.0,0.0,1823.0000001,0
V0,165,I0691,0.0,0.0,2475.8000002,0
V3,166,I0228,0.0,0.0,0.0,0
V3,166,I0097,0.0,0.0,1927.5000001,0
V0,167,I0232,0.0,0.0,0.0,0
V0,167,I0368,0.0,0.0,2367.8000001,0
V0,168,I0330,0.0,0.0,0.0,0
V0,168,I0615,0.0,0.0,2151.6000000999998,0
V0,169,I0200,0.0,0.0,0.0,0
V0,169,I0162,0.0,0.0,1955.5000001,0
V0,170,I0061,0.0,0.0,0.0,0
V0,170,I0385,0.0,0.0,1900.1000001,0
V0,170,I0106,6045.7000001,0.0,1900.1000001,0
V0,170,I0161,6045.7000001,0.0,2370.9000002,0
V0,170,I0394,0.0,0.0,2593.9000002,0
V3,171,I0463,0.0,0.0,0.0,0
V3,171,I0534,0.0,0.0,2555.3000001,0
V3,172,I0124,0.0,0.0,0.0,0
V3,172,I0639,0.0,0.0,2313.7000000999997,0
V0,173,I0612,0.0,0.0,0.0,2
V0,173,I0377,0.0,0.0,2120.1000000999998,0
V0,174,I0170,0.0,0.0,0.0,0
V0,174,I0390,0.0,0.0,2635.8000001,0
V0,175,I0326,0.0,0.0,0.0,0
V0,175,I0685,0.0,0.0,1889.5000001,0
V0,175,I0477,0.0,0.0,2513.0000001999997,0
V0,176,I0493,0.0,0.0,0.0,0
V0,176,I0481,0.0,0.0,2118.7000000999997,0
V0,176,I0091,0.0,0.0,2585.7000001999995,0
V3,177,I0008,0.0,0.0,0.0,0
V3,177,I0181,0.0,0.0,2233.7000000999997,0
V3,178,I0254,0.0,0.0,0.0,0
V3,178,I0582,0.0,0.0,1934.9000001000002,0
V3,178,I0413,0.0,0.0,2438.2000002,0
V0,179,I0521,0.0,0.0,0.0,0
V0,179,I0331,0.0,0.0,1920.5000001,0
V0,179,I0588,0.0,0.0,2486.1000002,0
V3,180,I0473,0.0,0.0,0.0,0
V3,180,I0693,0.0,0.0,2548.2000000999997,0
V0,181,I0086,0.0,0.0,0.0,0
V0,181,I0401,0.0,0.0,1953.7000001000001,0
V0,181,I0400,0.0,0.0,2468.7000002,0
V0,182,I0676,0.0,0.0,0.0,0
V0,182,I0478,0.0,2028.6000001,0.0,0
V0,182,I0739,0.0,0.0,1923.9000001000002,0
V0,182,I0031,0.0,0.0,2420.2000002,0
V0,183,I0305,0.0,0.0,0.0,0
V0,183,I0011,0.0,0.0,2149.4000001,0
V0,183,I0549,0.0,0.0,2577.8000002,0
V0,184,I0355,0.0,0.0,0.0,0
V0,184,I0078,0.0,0.0,1953.6000001,0
V0,184,I0569,0.0,0.0,2374.1000002,0
V0,185,I0480,0.0,0.0,0.0,0
V0,185,I0610,0.0,0.0,1869.2000001000001,0
V0,185,I0663,6418.9000000999995,0.0,1869.2000001000001,0
V0,185,I0032,0.0,0.0,2424.9000002000002,0
V3,186,I0701,0.0,0.0,0.0,0
V3,186,I0114,0.0,0.0,2064.8000001,0
V3,186,I0179,0.0,0.0,2462.3000002,0
V0,187,I0191,0.0,0.0,0.0,0
V0,187,I0683,0.0,0.0,1986.1000001,0
V0,187,I0141,0.0,0.0,2467.5000001999997,0
V3,188,I0696,0.0,0.0,0.0,0
V3,189,I0424,0.0,0.0,0.0,0
V3,189,I0434,0.0,0.0,1983.5000001,0
V3,189,I0298,0.0,0.0,2419.0000001999997,0
V0,190,I0602,0.0,0.0,0.0,0
V0,190,I0314,0.0,0.0,2267.6000000999998,0
V0,190,I0497,0.0,0.0,2731.1000001999996,0
V0,191,I0444,0.0,0.0,0.0,0
V0,191,I0051,0.0,0.0,2085.1000000999998,0
V0,192,I0024,0.0,0.0,0.0,0
V0,192,I0332,0.0,0.0,2113.0000001,0
V0,192,I0341,0.0,0.0,2431.0000001999997,0
V0,193,I0022,0.0,0.0,0.0,0
V0,193,I0479,0.0,0.0,1965.1000001,0
V0,193,I0152,0.0,0.0,2451.7000002,0
V0,194,I0655,0.0,0.0,0.0,2
V0,194,I0352,0.0,0.0,2156.2000000999997,0
V0,194,I0514,0.0,0.0,2490.5000001999997,0
V3,195,I0023,0.0,0.0,0.0,2
V3,195,I0414,0.0,0.0,2145.3000001,0
V3,195,I0537,0.0,0.0,2467.7000002,0
V0,196,I0043,0.0,0.0,0.0,0
V0,196,I0329,0.0,0.0,2003.6000001,0
V0,196,I0260,0.0,0.0,2419.6000002,0
V3,197,I0607,0.0,0.0,0.0,0
V3,197,I0431,0.0,0.0,2331.1000000999998,0
V0,198,I0592,0.0,0.0,0.0,0
V0,198,I0395,0.0,0.0,2248.6000000999998,0
V0,198,I0095,0.0,0.0,2686.8000001999994,0
V0,198,I0139,8202.700000100001,0.0,0.0,0
V3,199,I0304,0.0,0.0,0.0,0
V3,199,I0518,0.0,0.0,2342.9000001,0
V3,200,I0597,0.0,0.0,0.0,0
V3,200,I0484,0.0,0.0,1907.7000001000001,0
V3,200,I0447,0.0,0.0,2355.8000002,0
V3,201,I0474,0.0,0.0,0.0,0
V3,201,I0098,0.0,0.0,1990.1000001,0
V3,201,I0229,0.0,0.0,2339.3000002,0
V0,202,I0235,0.0,0.0,0.0,0
V0,202,I0725,0.0,1187.7000001000001,0.0,0
V0,202,I0636,0.0,0.0,1635.1000001,0
V0,202,I0047,0.0,1187.7000001000001,1602.4000001000002,0
V1,203,I0650,0.0,0.0,0.0,0
V1,203,I0276,0.0,1099.2000001000001,0.0,0
V1,203,I0277,0.0,0.0,1565.5000001,0
V1,203,I0214,0.0,1099.2000001000001,1659.8000001,0
V0,204,I0461,0.0,0.0,0.0,0
V0,204,I0606,0.0,871.9000000999999,0.0,0
V0,204,I0027,0.0,871.9000000999999,1532.3000001,0
V0,204,I0210,0.0,0.0,1662.9000001000002,0
V0,204,I0285,0.0,1969.0000002,0.0,0
V0,204,I0623,0.0,1969.0000002,1613.5000001,0
V1,205,I0109,0.0,0.0,0.0,0
V1,205,I0259,0.0,1140.6000001,0.0,0
V1,205,I0429,0.0,0.0,1420.2000001000001,0
V1,205,I0633,0.0,1140.6000001,1629.3000001,0
V1,206,I0719,0.0,0.0,0.0,0
V1,206,I0411,0.0,1045.6000001,0.0,0
V1,206,I0311,0.0,0.0,1303.5000001,0
V1,206,I0459,0.0,1045.6000001,1546.0000001,0
V1,206,I0504,0.0,1962.5000002,0.0,0
V0,207,I0671,0.0,0.0,0.0,0
V0,207,I0598,0.0,1042.1000001,0.0,0
V0,207,I0122,0.0,1042.1000001,1514.0000001,0
V0,207,I0328,0.0,0.0,1629.0000001,0
V0,208,I0677,0.0,0.0,0.0,0
V0,208,I0046,0.0,1051.4000001000002,0.0,0
V0,208,I0662,0.0,0.0,1446.8000001,0
V0,208,I0099,0.0,1051.4000001000002,1526.0000001,0
V0,209,I0213,0.0,0.0,0.0,0
V0,209,I0713,0.0,1177.8000001,0.0,0
V0,209,I0002,0.0,1177.8000001,1226.8000001,0
V0,209,I0275,0.0,0.0,1368.3000001,0
V1,210,I0075,0.0,0.0,0.0,0
V1,210,I0033,0.0,1058.8000001,0.0,0
V1,210,I0142,0.0,1058.8000001,945.7000001,0
V1,210,I0476,0.0,0.0,1161.2000001000001,0
V1,211,I0436,0.0,0.0,0.0,0
V1,211,I0255,0.0,1137.9000001000002,0.0,0
V1,211,I0053,0.0,1137.9000001000002,1212.1000001,0
V1,211,I0313,0.0,0.0,1035.5000001,0
V1,212,I0448,0.0,0.0,0.0,0
V1,212,I0486,0.0,874.5000001,0.0,0
V1,212,I0290,0.0,0.0,1458.3000001,0
V1,212,I0006,0.0,874.5000001,1473.1000001,0
V1,213,I0749,0.0,0.0,0.0,0
V1,213,I0604,0.0,1150.9000001000002,0.0,0
V1,213,I0669,0.0,0.0,1172.6000001,0
V1,213,I0457,0.0,1150.9000001000002,1602.8000001,0
V0,214,I0744,0.0,0.0,0.0,0
V0,214,I0082,0.0,990.8000000999999,0.0,0
V0,214,I0417,0.0,990.8000000999999,1234.9000001000002,0
V0,214,I0466,0.0,0.0,1562.5000001,0
V1,215,I0049,0.0,0.0,0.0,0
V1,215,I0702,0.0,908.8000000999999,0.0,0
V1,215,I0664,0.0,908.8000000999999,1295.8000001,0
V1,215,I0371,0.0,0.0,1649.2000001000001,0
V1,215,I0557,0.0,1858.9000002,0.0,0
V0,216,I0720,0.0,0.0,0.0,0
V0,216,I0092,0.0,1064.3000001,0.0,0
V0,216,I0495,0.0,0.0,1487.5000001,0
V0,216,I0001,0.0,1064.3000001,1567.4000001000002,0
V0,217,I0302,0.0,0.0,0.0,0
V0,217,I0704,0.0,1172.1000001,0.0,0
V0,217,I0101,0.0,0.0,1058.9000001000002,0
V0,217,I0301,0.0,1172.1000001,1224.0000001,0
V1,218,I0112,0.0,0.0,0.0,0
V1,218,I0050,0.0,891.8000000999999,0.0,0
V1,218,I0074,0.0,891.8000000999999,1337.1000001,0
V1,218,I0055,0.0,0.0,1038.5000001,0
V0,219,I0511,0.0,0.0,0.0,0
V0,219,I0629,0.0,863.7000001,0.0,0
V0,219,I0249,0.0,1721.9000002,0.0,0
V0,219,I0173,0.0,0.0,966.6000001,0
V0,219,I0734,0.0,1721.9000002,1071.5000001,0
V0,219,I0645,0.0,863.7000001,1200.2000001000001,0
V1,220,I0283,0.0,0.0,0.0,0
V1,220,I0487,0.0,1012.3000000999999,0.0,0
V1,220,I0374,0.0,1753.8000002,0.0,0
V1,220,I0494,0.0,0.0,845.4000000999999,0
V1,220,I0250,0.0,1012.3000000999999,1396.7000001000001,0
V1,220,I0115,0.0,1753.8000002,1455.8000001,0
V1,220,I0437,0.0,0.0,2097.4000002,0
V1,221,I0066,0.0,0.0,0.0,0
V1,221,I0364,0.0,1169.6000001,0.0,0
V1,221,I0500,0.0,0.0,918.8000000999999,0
V1,221,I0415,0.0,1169.6000001,1453.5000001,0
V1,221,I0270,0.0,0.0,2130.6000001999996,0
V0,222,I0595,0.0,0.0,0.0,0
V0,222,I0320,0.0,1041.3000001,0.0,0
V0,222,I0117,0.0,1041.3000001,770.2000001,0
V0,222,I0498,0.0,0.0,925.6000001,0
V0,222,I0658,0.0,0.0,1902.8000002,0
V1,223,I0247,0.0,0.0,0.0,0
V1,223,I0546,0.0,716.9000000999999,0.0,0
V1,223,I0529,0.0,1526.5000002,0.0,0
V1,223,I0526,0.0,716.9000000999999,981.1000001,0
V1,223,I0578,0.0,1526.5000002,1175.0000001,0
V1,223,I0640,0.0,0.0,1611.9000001000002,0
V1,223,I0238,0.0,716.9000000999999,2085.9000002,0
V1,224,I0154,0.0,0.0,0.0,0
V1,224,I0433,0.0,1129.3000001,0.0,0
V1,224,I0630,0.0,0.0,987.9000000999999,0
V1,224,I0687,0.0,1129.3000001,1150.3000001,0
V1,224,I0507,0.0,0.0,1836.1000002,0
V1,224,I0706,0.0,1129.3000001,2080.0000001999997,0
V1,225,I0058,0.0,0.0,0.0,0
V1,225,I0121,0.0,1034.5000001,0.0,0
V1,225,I0567,0.0,0.0,802.9000000999999,0
V1,225,I0490,0.0,1843.0000002000002,0.0,0
V1,225,I0678,0.0,0.0,1751.3000002,0
V1,225,I0421,0.0,1034.5000001,1105.0000001,0
V3,226,I0309,0.0,0.0,0.0,0
V3,226,I0026,0.0,0.0,315.5000001,0
V3,226,I0468,0.0,0.0,731.8000002,0
V3,226,I0707,0.0,0.0,1140.5000003,0
